default,Identifier,Remarks,Filter,eng enc ena enz eni ens enj enb enl ent enw,cs,de,el,eo,es,esm esn esg esc esa esd esv eso esr ess esf esl esy esz esb ese esh esi esu,fi,fr,hu,it,jp,ko,nl,pl,pt,ptg,ro,ru,sk,sr
,,Misc,,,,,,,,,,,,,,,,,,,,,,
Manual Crash Triggered!,SHDX_MANUALCRASHABORT,,,,,,,,,,,,,,,,,,,,,,,
Scoot Hard DX Has Crashed! Funny Waffle Iron Toilet Moment.,SHDX_CRASHMESSAGE,,,,,,,,,,,,,,,,,,,,,,,
This is absolutely haram!,SHDX_CRASHHARAM,,,,,,,,,,,,,,,,,,,,,,,
You loaded this with Brutal Doom? I told you not to dawg.,SHDX_CRASHBRUTALDOOM,,,,,,,,,,,,,,,,,,,,,,,
"If you didn't trigger this manually, show a 100% halal screenshot to SanyaWaffles.",SHDX_CRASHNOBRUTALDOOM,,,,,,,,,,,,,,,,,,,,,,,
Please don't take a dump in my DMs.,SHDX_NUKKUSWARN,,,,,,,,,,,,,,,,,,,,,,,
SHDX_BossBarHandler tried reading a boss that has a spawnhealth of 0 or less,SHDX_EXCEPTIONBOSSHPSPAWNZERO,,,,,,,,,,,,,,,,,,,,,,,
Brutal Doom is not halal.,SHDX_EXCEPTIONBRUTALDOOM,,,,,,,,,,,,,,,,,,,,,,,
(No version information),SHDX_NOVERSION,,,,,,,,,,,,,,,,,,,,,,,
WARNING!,SHDX_WARNING,,,,,,,,,,,,,,,,,,,,,,,
Loaded save contains no version data. Issues may happen.,SHDX_LOADEDNOVERDATA,,,,,,,,,,,,,,,,,,,,,,,
This savegame is from a different version of Scoot Hard DX. Issues may happen,SHDX_LOADEDDIFFERENTDATA,,,,,,,,,,,,,,,,,,,,,,,
VOX SUBSYSTEM::voices and subtitles size mismatch in %s,SHDX_VOXSUBSYSTEMERROR1,,,,,,,,,,,,,,,,,,,,,,,
VOX SUBSYSTEM::voices and durations size mismatch in %s,SHDX_VOXSUBSYSTEMERROR2,,,,,,,,,,,,,,,,,,,,,,,
You found a secret area!,SECRETMESSAGE,,,,,,,,Encontraste un area secreto!,,,,,,,,,,,,,,Našli ste skrytú oblasť!,
Touchplate Triggered!,SHDX_TOUCHPLATE,,,,,,,,¡Placa Disparada!,,,,,,,,,,,,,,Dotyková doska je aktivovaná!,
Bridge Raised!,SHDX_BRIGDE_RAISED,,,,,,,,,,,,,,,,,,,,,,,
BETA,SHDX_BETA_HUD_STRING,,,,,,,,,,,,,,,,,,,,,,,
Error! Invalid Help Screen at %d,SHDX_HELP_SCREEN_ERROR,,,,,,,,,,,,,,,,,,,,,,,
I guess you don't watch Puffin Forest...,SHDX_OBELISK_MSG,Puffin Forest is a Youtuber who does DND stuff,,,,,,,Supongo que no ves Puffin Forest...,,,,,,,,,,,,,,"Nemyslím si, že sledujete Puffinský les ...",
More To Go!,SHDX_MORETOGO,,,,,,,,,,,,,,,,,,,,,,,
Sequence Complete!,SHDX_SEQUENCECOMPLETE,,,,,,,,,,,,,,,,,,,,,,,
Pegasus Device Security Disabled,SHDX_PEGASUS_DEVICE_1,,,,,,,,,,,,,,,,,,,,,,,
Pegasus Device Overheating!,SHDX_PEGASUS_DEVICE_2,,,,,,,,,,,,,,,,,,,,,,,
,,Titlemap,,,,,,,,,,,,,,,,,,,,,,
Waffle Iron Studios(TM) Scoot Hard DX(TM),SHDX_TITLEMAP_FINAL1,,,,,,,,,,,,,,,,,,,,,,,
Build,SHDX_TITLEMAP_FINAL2,,,,,,,,,,,,,,,,,,,,,,,
GZDoom 4.5pre Compatible,SHDX_TITLEMAP_FINAL3,,,,,,,,Compatible con GZDoom 4.3.3,,,,,,,,,,,,,,,
MultiProcessor Enabled,SHDX_TITLEMAP_MULTI,,,,,,,,,,,,,,,,,,,,,,,
Waffle Iron Systems(TM) WaffleTower i7,SHDX_TITLEMAP_SANYAUSERNAME,,,,,,,,,,,,,,,,,,,,,,,
"HAL: Version 1.12            1/07/2011
HAL: Processor is a Pegasystem AE-1000 Compatible(TM) Rev. 3.3
HAL: Pegasus Revision 2.4
HAL: L2 cache is not installed.",SHDX_TITLEMAP_SCOOTALOOUSERNAME,,,,,,,,,,,,,,,,,,,,,,,
Cloudsdale Weather Corporation(TM) Cumulonimbus(TM) Workstation,SHDX_TITLEMAP_MAIMBOWUSERNAME,,,,,,,,,,,,,,,,,,,,,,,
Sweetie Bot(TM) With Dynamic Servos Rev. 4.0,SHDX_TITLEMAP_SWEETIEUSERNAME,,,,,,,,,,,,,,,,,,,,,,,
Waffle Iron Systems(TM) RubyStation 255n,SHDX_TITLEMAP_NAVYUSERNAME,,,,,,,,,,,,,,,,,,,,,,,
Bordeaux Technologies(TM) Warpstation 666n,SHDX_TITLEMAP_BORDEAUXUSERNAME,,,,,,,,,,,,,,,,,,,,,,,
Hat Kid Industries(TM) Work-N-Play System 1024,SHDX_TITLEMAP_ELLIEUSERNAME,,,,,,,,,,,,,,,,,,,,,,,
Precious Thing Workstation,SHDX_TITLEMAP_MARISAKUSERNAME,,,,,,,,,,,,,,,,,,,,,,,
Peridot Systems(TM) SpinelStation,SHDX_TITLEMAP_MISTERBAMANUSERNAME,,,,,,,,,,,,,,,,,,,,,,,
No Unironically Fuck You Nukkus Go Away You Don't Get a HAL,SHDX_TITLEMAP_NUKKUSUSERNAME,,,,,,,,,,,,,,,,,,,,,,,
"Scoot Hard DX is a fair use parody. My Little Pony: Friendship is Magic
is owned by Hasbro. This is not endorsed by them nor is meant to
replace any official product. It is also not intended for kids. It is intended
for mature audiences, suggested 18+ years of age. Please support the
official release.

Scoot Hard DX has wanton and gratituous violence, dark themes
including but not limited to dealing with authoritarianism, and edgy
based ironic humor. If these are not your thing, please shut off the
game and stop playing. And certainly don't go onto ResetEra and
bitch about it.

None of the characters are meant to be role models. It's fiction.
Fiction is not reality. Some of the things they would do would cause
a person to get hurt, expelled, arrested, possibly deported. To put
it another way: don't try any of this at home.

Waffle Iron Studios takes no responsibility for loss of sanity or
unironic comparisons to current year events. Please just enjoy
the game. I created the prototype in 2014 for God's sake.",SHDX_TITLEMAP_DISCLAIMER,,,,,,,,,,,,,,,,,,,,,,,
WARNING: Satirical and Mature Content,SHDX_TITLEMAP_ADVISORY,,,,,,,,,,,,,,,,,,,,,,,
Health,SHDX_HUD_HEALTH,,,,,,,,Salud,,,,,,,,,,,,,,,
Armor,SHDX_HUD_ARMOR,,,Armour,,,,,Armadura,,,,,,,,,,,,,,,
Ammo 1,SHDX_HUD_AMMO1,Ammo is short for ammunition,,,,,,,Munición 1,,,,,,,,,,,,,,,
Ammo 2,SHDX_HUD_AMMO2,,,,,,,,Munición 2,,,,,,,,,,,,,,,
Frags,SHDX_HUD_FRAGS,,,,,,,,Mata,,,,,,,,,,,,,,,
Bits,SHDX_HUD_BITS,,,,,,,,,,,,,,,,,,,,,,,
Press,SHDX_RESTARTMSG1,,,,,,,,Empujar,,,,,,,,,,,,,,,
"to start
from most recent save.",SHDX_RESTARTMSG2,,,,,,,,"para comenzar
del estado de salvar más reciente",,,,,,,,,,,,,,,
or,SHDX_KEYBINDOR,,,,,,,,o,,,,,,,,,,,,,,,
,,Misc Messages,,,,,,,,,,,,,,,,,,,,,,
Paid five bits for a hot meal.,SHDX_VENDING_HOTMEAL,,,,,,,,,,,,,,,,,,,,,,,
Paid one bit for a Dole(R) apple.,SHDX_VENDING_APPLE,,,,,,,,,,,,,,,,,,,,,,,
You have no money.,SHDX_VENDING_NOBITS,,,,,,,,,,,,,,,,,,,,,,,
You are not hungry.,SHDX_VENDING_NOTHUNGRY,,,,,,,,,,,,,,,,,,,,,,,
Drank out of the water cooler.,SHDX_WATERCOOLER_USED,,,,,,,,,,,,,,,,,,,,,,,
Water cooler is empty!,SHDX_WATERCOOLER_OUTOFUSES,,,,,,,,,,,,,,,,,,,,,,,
Red Access Card Required To Use This!,SHDX_LOCKED_REDACCESS,,,,,,,,,,,,,,,,,,,,,,,
Green Access Card Required To Use This!,SHDX_LOCKED_GREENACCESS,,,,,,,,,,,,,,,,,,,,,,,
Blue Access Card Required To Use This!,SHDX_LOCKED_BLUEACCESS,,,,,,,,,,,,,,,,,,,,,,,
Management Access Card Required To Use This!,SHDX_LOCKED_MANAGEMENTACCESS,,,,,,,,,,,,,,,,,,,,,,,
No Access.,SHDX_LOCKED_NOACCESS,,,,,,,,,,,,,,,,,,,,,,,
,,Items,,,,,,,,,,,,,,,,,,,,,,
Picked up a 1 bit coin.,SHDX_PICKUP_1BIT,,,,,,,,Desestabilizadora,,,,,,,,,,,,,,,
Picked up a 5 bit coin.,SHDX_PICKUP_5BIT,,,,,,,,,,,,,,,,,,,,,,,
Chicken Mode!,SHDX_PICKUP_CHICKENMODE,,,,,,,,,,,,,,,,,,,,,,,
Picked up a Hay Sandwich.,SHDX_PICKUP_SANDWICH,,,,,,,,,,,,,,,,,,,,,,,
Picked up Dole(R) Applesauce.,SHDX_PICKUP_APPLESAUCE,,,,,,,,,,,,,,,,,,,,,,,
Picked up Dole(R) Applesauce Hot.,SHDX_PICKUP_APPLESAUCEHOT,,,,,,,,,,,,,,,,,,,,,,,
Picked up a Red Keycard.,SHDX_PICKUP_REDKEY,,,,,,,,,,,,,,,,,,,,,,,
Picked up a Blue Keycard.,SHDX_PICKUP_BLUEKEY,,,,,,,,,,,,,,,,,,,,,,,
Picked up a Green Keycard.,SHDX_PICKUP_GREENKEY,,,,,,,,,,,,,,,,,,,,,,,
Picked up a Management Keycard.,SHDX_PICKUP_MANAGEMENTKEY,,,,,,,,,,,,,,,,,,,,,,,
Picked up a Bulletproof Vest.,SHDX_PICKUP_BULLETARMOR,,,,,,,,,,,,,,,,,,,,,,,
Picked up a Fireproof Vest.,SHDX_PICKUP_FIREPROOF,,,,,,,,,,,,,,,,,,,,,,,
Picked up a Weatherproof Vest.,SHDX_PICKUP_WEATHERPROOF,,,,,,,,,,,,,,,,,,,,,,,
IT KEEPS HAPPENING!!?!?!?!?,SHDX_PICKUP_SBAHJ,,,,,,,,,,,,,,,,,,,,,,,
You found a Fillyseeker!,SHDX_PICKUP_FILLYSEEKER,,,,,,,,,,,,,,,,,,,,,,,
You have a Hailer!,SHDX_PICKUP_HAILER,,,,,,,,,,,,,,,,,,,,,,,
Now you have a machine gun. Ho-Ho-Ho.,SHDX_PICKUP_SMG,,,,,,,,,,,,,,,,,,,,,,,
You procured a missile launcher.,SHDX_PICKUP_MISSILELAUNCHER,,,,,,,,,,,,,,,,,,,,,,,
You recovered a Rainbower!,SHDX_PICKUP_RAINBOWER,,,,,,,,,,,,,,,,,,,,,,,
You took a Tornadozer!,SHDX_PICKUP_TORNADOZER,,,,,,,,,,,,,,,,,,,,,,,
,,Scootaloo Color Sets,,,,,,,,,,,,,,,,,,,,,,
Mauve,SHDX_SCOOTALOO_COLORSET1,,,,,,,,,,,,,,,,,,,,,,,
Green,SHDX_SCOOTALOO_COLORSET2,,,,,,,,,,,,,,,,,,,,,,,
Blue,SHDX_SCOOTALOO_COLORSET3,,,,,,,,,,,,,,,,,,,,,,,
Yellow,SHDX_SCOOTALOO_COLORSET4,,,,,,,,,,,,,,,,,,,,,,,
Purple,SHDX_SCOOTALOO_COLORSET5,,,,,,,,,,,,,,,,,,,,,,,
Grey,SHDX_SCOOTALOO_COLORSET6,,,,,,,,,,,,,,,,,,,,,,,
Brown,SHDX_SCOOTALOO_COLORSET7,,,,,,,,,,,,,,,,,,,,,,,
Teal,SHDX_SCOOTALOO_COLORSET8,,,,,,,,,,,,,,,,,,,,,,,
,,Help Screen,,,,,,,,,,,,,,,,,,,,,,
USING THE MENUS,SHDX_HELP_HEADER_MENU1,,,,,,,,,,,,,,,,,,,,,,,
"Scoot Hard DX can be configured using the menus.

Press Escape to bring up the menu. Press F1 to bring up this screen.

NEW GAME: starts a new game. Pick your difficulty and go.
GAME STATES: save your current game, or load a current one. Previous
saves don't work between versions of the game.
OPTIONS: configure and tweak Scoot Hard DX or GZDoom
HELP SCREEN: this help screen
CREDITS: the people who worked on the game.
EXIT TO SYSTEM: exit the game",SHDX_HELP_MENU1,,,,,,,,,,,,,,,,,,,,,,,
USING THE MENUS (CONTINUED),SHDX_HELP_HEADER_MENU2,,,,,,,,,,,,,,,,,,,,,,,
"Under the OPTIONS menu you have the following options:

CUSTOMIZE CONTROLS: you can customize the keys and
buttons that control Scootaloo.
MOUSE OPTIONS: fine tune your mouse settings
JOYSTICK OPTIONS: fine tune your joystick settings
HUD OPTIONS: configure default crosshair and HUD options
PLAYER SETUP: configure your player settings (name, gender, etc)
SOUND OPTIONS: configure your sound settings
SET VIDEO MODE: change video settings/resolution
GZDOOM OPTIONS (ADVANCED): the original, more advanced GZDoom menu",SHDX_HELP_MENU2,,,,,,,,,,,,,,,,,,,,,,,
PLAYING THE GAME (WEAPONS),SHDX_HELP_HEADER_MENU3,,,,,,,,,,,,,,,,,,,,,,,
"You can only carry one one missile weapon at a time.

Either use up your shots first, or swap it out by walking over another weapon
and pressing the use key (default is E) to swap it out. The dropped weapon
will contain the ammo as well.",SHDX_HELP_MENU3,,,,,,,,,,,,,,,,,,,,,,,
,,Menu Stuff,,,,,,,,,,,,,,,,,,,,,,
New Game,MNU_SHARDDX_NEWGAME,,,,,,,,Nuevo juego,,,,,,,,,,,,,,,
Game States,MNU_SHARDDX_SSTATES,,,,,,,,Estados del juego,,,,,,,,,,,,,,,
Load State,MNU_SHARDDX_LOADGAME,,,,,,,,Estado de carga,,,,,,,,,,,,,,,
Save State,MNU_SHARDDX_SAVEGAME,,,,,,,,Guardar Estado,,,,,,,,,,,,,,,
Options,MNU_SHARDDX_OPTIONS,,,,,,,,Opciones,,,,,,,,,,,,,,,
Help Me,MNU_SHARDDX_README,,,,,,,,Ayudame,,,,,,,,,,,,,,,
Exit To System,MNU_SHARDDX_QUIT,,,,,,,,Salir al sistema,,,,,,,,,,,,,,,
"More Options (Tilt++, DD2)",OPTMENU_NEWOPTIONS,,,,,,,,"Más opciones (Tilt++, DD2)",,,,,,,,,,,,,,,
Scoot Hard DX,OPTMNU_SHDXMENU,,,,,,,,Daytime Drama 2,,,,,,,,,,,,,,,
Scoot Hard DX Specific,MNU_SHARDDX_SPECIFIC,,,,,,,,Específica Daytime Drama 2,,,,,,,,,,,,,,,
Scoot Hard DX,SHARDDX_SHDXMENU,,,,,,,,,,,,,,,,,,,,,,,
Scoot Hard DX Controls,OPTMNU_SHDXCONTROLS,,,,,,,,,,,,,,,,,,,,,,,
Dialogue and Cutscene Options,OPTMNU_DIALOGCUTSCENEOPT,,,,,,,,,,,,,,,,,,,,,,,
Help Screen,MNU_SHARDDX_HELP,,,,,,,,,,,,,,,,,,,,,,,
Quick Kick,CNTRLMNU_QUICKKICK,,,,,,,,,,,,,,,,,,,,,,,
Go to GZDoom Options (Advanced) for more settings,SHDX_MENU_ADVANCED_OPTIONS_NOTICE,,,,,,,,,,,,,,,,,,,,,,,
DD2 Help Screen (NOT BUILT IN ONE),MNU_SHARDDX_DD2HELP,,,,,,,,,,,,,,,,,,,,,,,
GZDoom Options (Advanced),MNU_SHARDDX_ADVOPTIONS,,,,,,,,,,,,,,,,,,,,,,,
Protagonist One Liners,MNU_SHARDDX_MUTEPLAYER,,,,,,,,Protagonista parlante,,,,,,,,,,,,,,,
Dialogue Music Volume,MNU_SHARDDX_DIALOGMUSICVOL,,,,,,,,Diálogo Música Volumen,,,,,,,,,,,,,,,
Subtitles,MNU_SHARDDX_SUBTITLES,,,,,,,,,,,,,,,,,,,,,,,
Sound Obituary,MNU_SHARDDX_HQRIP,,,,,,,,Obituario de sonido,,,,,,,,,,,,,,,
Gem Gore,MNU_SHARDDX_GEMGORE,Gems are the species in SU.,,,,,,,Gema sangre,,,,,,,,,,,,,,,
Skip Title Boot Sequence,MNU_SHARDDX_SKIPTITLEBOOT,,,,,,,,Saltar secuencia de inicio de título,,,,,,,,,,,,,,,
Skip Cutscene Slideshows,MNU_SHARDDX_CUTSCENES,,,,,,,,Omitir presentaciones de Cutscene,,,,,,,,,,,,,,,
Censor Modes,MNU_SHARDDX_CENSORMODES,,,,,,,,Modos de censura,,,,,,,,,,,,,,,
Copyright Censor Mode,MNU_SHARDDX_COPYRIGHTCENSOR,,,,,,,,Modo de censura de derechos de autor,,,,,,,,,,,,,,,
Nudity Censor Mode,MNU_SHARDDX_NUDITYCENSOR,,,,,,,,Modo de censura de desnudez,,,,,,,,,,,,,,,
Offensive Censor Mode,MNU_SHARDDX_OFFENSIVECENSOR,,,,,,,,Modo de censura ofensivo,,,,,,,,,,,,,,,
Censor Mode,MNU_SHARDDX_CENSOR,,,,,,,,Modo censurador,,,,,,,,,,,,,,,
Hints,MNU_SHARDDX_DISABLEHINTS,,,,,,,,,,,,,,,,,,,,,,,
Hide Beta Label,MNU_SHARDDX_HIDEBETALABEL,,,,,,,,,,,,,,,,,,,,,,,
Don't Trigger Dialogue,MNU_SHARDDX_SKIPVOX,,,,,,,,,,,,,,,,,,,,,,,
Player Specific,MNU_SHARDDX_PLAYERSPEC,,,,,,,,,,,,,,,,,,,,,,,
Global,MNU_SHARDDX_SERVER,,,,,,,,,,,,,,,,,,,,,,,
Finished,TXT_IMFINISHED,,,,,,,,Terminada,,,,,,,,,,,,,,,
Now Entering,TXT_IMENTERING,,,,,,,,Ahora Entrando,,,,,,,,,,,,,,,
Time,TXT_IMTIME,,,,,,,,Tiempo,,,,,,,,,,,,,,,
Total Time,TXT_IMTOTALTIME,,,,,,,,Tiempo Total,,,,,,,,,,,,,,,
Press any key to continue...,TXT_PRESSAKEY,,,,,,,,Pulse cualquier tecla para continuar...,,,,,,,,,,,,,,,
Credits,MNU_SHARDDX_CREDITS,,,,,,,,,,,,,,,,,,,,,,,
WAFFLE IRON STUDIOS,SHDX_CREDITS_HEADER_WIS,,,,,,,,,,,,,,,,,,,,,,,
"Creative Director and Design Lead: SanyaWaffles
Music: RodScorpion
Additional Level Design: Elliejojo

Voice of Scootaloo: Alabeanz@Tumblr.com
Voice of Surprise Pony/Low Guard Female: Kelsie Finefeather
Voice of Dr. Atmosphere/High Guard Male: Redsoldier55

Special Thanks To: Jinzo",SHDX_CREDITS_WIS,,,,,,,,,,,,,,,,,,,,,,,
ADDITIONAL CREDITS,SHDX_CREDITS_HEADER_ADD,,,,,,,,,,,,,,,,,,,,,,,
"Textures: Ancient Aliens, OTEX, Duke Nukem 3D, Shadow Warrior, Blood

Sounds: Quake HiRes Pack, Source Engine, Tomb Raider

Fonts: Revue, Daidoh Remix, Crewniverse

Code: AI code based on Kinsie's FauxDM
Additional Code by Marisa Kirisame, Nash Muhandes Chronos ""phantombeta"" Ouroboros,
Mikk & Accensus

Inspired by the fic Rainbow Factory by AuoraDawn",SHDX_CREDITS_ADD,,,,,,,,,,,,,,,,,,,,,,,
Are you sure you want to quit?,SHDX_QUIT1,,,,,,,,,,,,,,,,,,,,,,,
,,Tags,,,,,,,,,,,,,,,,,,,,,,
Boss 1 - Surprise,SHDX_TAG_SURPRISE,,,,,,,,,,,,,,,,,,,,,,,
Boss 2 - Dr. Atmosphere,SHDX_TAG_DRATMOS,,,,,,,,,,,,,,,,,,,,,,,
Boss 3 - Pegasus Device Prototype,SHDX_TAG_PEGASUSDEVICE,,,,,,,,,,,,,,,,,,,,,,,
Boss 3 - Maimbow Undash,SHDX_TAG_MAIMBOW,,,,,,,,,,,,,,,,,,,,,,,
Engineer,SHDX_TAG_ENGINEER,,,,,,,,,,,,,,,,,,,,,,,
High Guard,SHDX_TAG_HIGHGUARD,,,,,,,,,,,,,,,,,,,,,,,
Low Guard,SHDX_TAG_LOWGUARD,,,,,,,,,,,,,,,,,,,,,,,
Pegapol,SHDX_TAG_PEGAPOL,,,,,,,,,,,,,,,,,,,,,,,
Zombie,SHDX_TAG_ZOMBIE,,,,,,,,,,,,,,,,,,,,,,,
Exploding Zombie,SHDX_TAG_EXPLODINGZOMBIE,,,,,,,,,,,,,,,,,,,,,,,
1 Bit,SHDX_TAG_1BIT,,,,,,,,,,,,,,,,,,,,,,,
5 Bit,SHDX_TAG_5BIT,,,,,,,,,,,,,,,,,,,,,,,
Chicken Mode,SHDX_TAG_CHICKENMODE,,,,,,,,,,,,,,,,,,,,,,,
Chicken Beak,SHDX_TAG_CHICKENBEAK,,,,,,,,,,,,,,,,,,,,,,,
Hay Sandwich,SHDX_TAG_SANDWICH,,,,,,,,,,,,,,,,,,,,,,,
Dole(R) Brand Applesauce,SHDX_TAG_APPLESAUCE,,,,,,,,,,,,,,,,,,,,,,,
Dole(R) Brand Applesauce Hot,SHDX_TAG_APPLESAUCEHOT,,,,,,,,,,,,,,,,,,,,,,,
Red Keycard,SHDX_TAG_REDKEY,,,,,,,,,,,,,,,,,,,,,,,
Blue Keycard,SHDX_TAG_BLUEKEY,,,,,,,,,,,,,,,,,,,,,,,
Green Keycard,SHDX_TAG_GREENKEY,,,,,,,,,,,,,,,,,,,,,,,
Management Keycard,SHDX_TAG_MANAGEMENTKEY,,,,,,,,,,,,,,,,,,,,,,,
Bulletproof Vest,SHDX_TAG_BULLETPROOF,,,,,,,,,,,,,,,,,,,,,,,
Fireproof Vest,SHDX_TAG_FIREPROOF,,,,,,,,,,,,,,,,,,,,,,,
Weatherproof Vest,SHDX_TAG_WEATHERPROOF,,,,,,,,,,,,,,,,,,,,,,,
Sweet Bro And Hella Jeff Mode,SHDX_TAG_SBAHJ,,,,,,,,,,,,,,,,,,,,,,,
Blaster,SHDX_TAG_BLASTER,,,,,,,,,,,,,,,,,,,,,,,
Fillyseeker,SHDX_TAG_FILLYSEEKER,,,,,,,,,,,,,,,,,,,,,,,
Hailer,SHDX_TAG_HAILER,,,,,,,,,,,,,,,,,,,,,,,
SMG,SHDX_TAG_SMG,,,,,,,,,,,,,,,,,,,,,,,
Missile Launcher,SHDX_TAG_MISSILELAUNCHER,,,,,,,,,,,,,,,,,,,,,,,
Rainbower,SHDX_TAG_RAINBNOWER,,,,,,,,,,,,,,,,,,,,,,,
Tornadozer,SHDX_TAG_TORNADOZER,,,,,,,,,,,,,,,,,,,,,,,
,,Obituaries,,,,,,,,,,,,,,,,,,,,,,
%o tried to swim in liquid despair.,DD_OB_DESPAIR,,,,,,,,,,,,,,,,,,,,,,,
%o hated doing the dishes.,OB_SUICIDE,,,,,,,,,,,,,,,,,,,,,,,
I warned you about about heights. I told you %o.,OB_FALLING,,,,,,,,,,,,,,,,,,,,,,,
%o got squashed,OB_CRUSH,,,,,,,,,,,,,,,,,,,,,,,
%o tried to leave,OB_EXIT,,,,,,,,,,,,,,,,,,,,,,,
%o drowned.,OB_WATER,,,,,,,,,,,,,,,,,,,,,,,
%o couldn't escape the slime,OB_SLIME,,,,,,,,,,,,,,,,,,,,,,,
%o forgot that walking on lava is not a good idea,OB_LAVA,,,,,,,,,,,,,,,,,,,,,,,
%o spent %p final moments gently caressing with an explosive thing,OB_BARREL,,,,,,,,,,,,,,,,,,,,,,,
%o did the impossible...,OB_SPLASH,,,,,,,,,,,,,,,,,,,,,,,
"Don't fire that rocket too close next time, %",OB_R_SPLASH,,,,,,,,,,,,,,,,,,,,,,,
"%o, you asshole. Watch the freaking blast radius!",OB_ROCKET,,,,,,,,,,,,,,,,,,,,,,,
%o hated doing the dishes.,OB_KILLEDSELF,,,,,,,,,,,,,,,,,,,,,,,
%o got mowed down by a despairium turret.,DD_OB_TURRET,,,,,,,,,,,,,,,,,,,,,,,
%o drank the bleach.,DD_OB_BLEACH,,,,,,,,,,,,,,,,,,,,,,,
OH YEAH!!!!,DD_OB_OHYEAH,,,,,,,,,,,,,,,,,,,,,,,
%o got brutalized by Ms. Surprise.,SHDX_OB_SURPRISE,,,,,,,,,,,,,,,,,,,,,,,
%o got wrecked by Dr. Hide Atmosphere.,SHDX_OB_DRATMOS,,,,,,,,,,,,,,,,,,,,,,,
%o got ground up by the Pegasus Device Prototype.,SHDX_OB_PEGASUSDEVICE,,,,,,,,,,,,,,,,,,,,,,,
%o got destroyed by Maimbow Undash.,SHDX_OB_MAIMBOW,,,,,,,,,,,,,,,,,,,,,,,
%o got electrocuted by an Engineer.,SHDX_OB_ENGINEER,,,,,,,,,,,,,,,,,,,,,,,
%o got mowed down by a High Guard.,SHDX_OB_HIGHGUARD,,,,,,,,,,,,,,,,,,,,,,,
%o got shot by a Low Guard.,SHDX_OB_LOWGUARD,,,,,,,,,,,,,,,,,,,,,,,
%o got taken down by the Pegapol.,SHDX_OB_PEGAPOL,,,,,,,,,,,,,,,,,,,,,,,
%o got hit by a piece of meat. Just like Daikatana.,SHDX_OB_ZOMBIEGIB,,,,,,,,,,,,,,,,,,,,,,,
%o got bitten by a Zombie.,SHDX_OB_ZOMBIE,,,,,,,,,,,,,,,,,,,,,,,
%o got blown up by an Exploding Zombie.,SHDX_OB_EXPLODINGZOMBIE,,,,,,,,,,,,,,,,,,,,,,,
%o blasted %k.,SHDX_OB_BLASTER,,,,,,,,,,,,,,,,,,,,,,,
%o fillyseeked %k.,SHDX_OB_FILLYSEEKER,,,,,,,,,,,,,,,,,,,,,,,
%o froze %k today.,SHDX_OB_HAILER,,,,,,,,,,,,,,,,,,,,,,,
%o preforated %k.,SHDX_OB_SMG,,,,,,,,,,,,,,,,,,,,,,,
%o blew up %k.,SHDX_OB_MISSILELAUNCHER,,,,,,,,,,,,,,,,,,,,,,,
%o atomized %k.,SHDX_OB_RAINBOWER,,,,,,,,,,,,,,,,,,,,,,,
%o super outbreaked %k.,SHDX_OB_TORNADOZER,,,,,,,,,,,,,,,,,,,,,,,
%o got shocked by some live wires.,SHDX_OB_LIVEWIRES,,,,,,,,,,,,,,,,,,,,,,,
,,Map Strings,,,,,,,,,,,,,,,,,,,,,,
Choose your difficulty,SHDX_SKILL_MENU,,,,,,,,,,,,,,,,,,,,,,,
Easy - Games Journalist,SHDX_SKILL1,,,,,,,,,,,,,,,,,,,,,,,
Medium - Where's The Trigger?,SHDX_SKILL2,,,,,,,,,,,,,,,,,,,,,,,
Hard - Bring It On!,SHDX_SKILL3,,,,,,,,,,,,,,,,,,,,,,,
Discourse - I Am The Cleaner.,SHDX_SKILL4,,,,,,,,,,,,,,,,,,,,,,,
"Fewest enemies, lowest aggression,
less damage taken, and enemies have
lower health. You'll probably want this
skill Eri.",SHDX_SKILLSURE1,"
",,,,,,,,,,,,,,,,,,,,,,
"A few more enemies, normal damage and
health.",SHDX_SKILLSURE2,,,,,,,,,,,,,,,,,,,,,,,
"Aggression is bumped up a bit. So is enemy
health and enemy count.",SHDX_SKILLSURE3,,,,,,,,,,,,,,,,,,,,,,,
"Aggression is much higher, enemies are maxed
out on health. Only the most epic of gamers will
play on this skill.",SHDX_SKILLSURE4,,,,,,,,,,,,,,,,,,,,,,,
Choose an episode,SHDX_EPISODE_MENU,,,,,,,,,,,,,,,,,,,,,,,
Scoot Hard DX,SHDX_EP1STR,,,,,,,,,,,,,,,,,,,,,,,
Titlemap,SHDX_TITLEMAP,,,,,,,,,,,,,,,,,,,,,,,
Intro,SHDX_E1A0,,,,,,,,,,,,,,,,,,,,,,,
Construction Zone,SHDX_E1A1,,,,,,,,,,,,,,,,,,,,,,,
Winding Halls,SHDX_E1A2,,,,,,,,,,,,,,,,,,,,,,,
Loading Zone,SHDX_E1A3,,,,,,,,,,,,,,,,,,,,,,,
Into The Factory,SHDX_E2A1,,,,,,,,,,,,,,,,,,,,,,,
The Rain Generator,SHDX_E2A2,,,,,,,,,,,,,,,,,,,,,,,
Reanimation Lab,SHDX_E2A3,,,,,,,,,,,,,,,,,,,,,,,
Dr. Atmosphere,SHDX_E2A4,,,,,,,,,,,,,,,,,,,,,,,
Glacial Flows,SHDX_E2A5,,,,,,,,,,,,,,,,,,,,,,,
Tornado Keep,SHDX_E3A1,,,,,,,,,,,,,,,,,,,,,,,
Pegasus Device,SHDX_E3A2,,,,,,,,,,,,,,,,,,,,,,,
Pinnacle of Hate,SHDX_E3A3,,,,,,,,,,,,,,,,,,,,,,,
Maimbow,SHDX_E3A4,,,,,,,,,,,,,,,,,,,,,,,
Elevator Trouble,SHDX_E3A5,,,,,,,,,,,,,,,,,,,,,,,
Credits,SHDX_CREDITS,,,,,,,,,,,,,,,,,,,,,,,
Ending,SHDX_ENDING,,,,,,,,,,,,,,,,,,,,,,,
,,Intermission,,,,,,,,,,,,,,,,,,,,,,
"Due to their importance in weather control
and other tasks, there's a certain bit of
nationalism and pride within the Pegasi
race, and thus within the Pegasi city of
Cloudsdale within Equestria. However,
something changed recently that made
that even more profound. And things got
really dark at the Cloudsdale Weather
Corporation, which became more
militaristic.",SHDX_INTRO_1A,,,,,,,,,,,,,,,,,,,,,,,
"Pegasi across Equestria were
suddenly required to do fitness exams,
and if they failed, go through some
rigorous training program at the monolithic
facilities. However, there is no
training program, as one foal is
about to find out.",SHDX_INTRO_1B,,,,,,,,,,,,,,,,,,,,,,,
"Meet Scootaloo, she, and her friend
Orion Solstice and another pegasi by
the name of Aurora Dawn all failed
their exams. Scootaloo and the others
enter the Cloudsdale Weather Corporation.
They're given a tour… an odd,
foreboding tour by a colt by the name of
Dr. Atmosphere. Sensing something
sinister, Scootaloo hatches a plan.",SHDX_INTRO_2,,,,,,,,,,,,,,,,,,,,,,,
"During the tour, she wanders off into one
of the bathrooms that are under
construction. A guard chases after her.
She wrestles with the guard in the
construction zone, before exerting
enough force to snap his neck. The two
fall down a ventilation shaft thirty floors
to the surface - to the Clousdale
Weather Corporation's ground location.",SHDX_INTRO_3A,,,,,,,,,,,,,,,,,,,,,,,
"Cloudsdale had two locations -
a physical location, just north of Tchpsor,
Boredomdai, and the floating
part which was more mobile. It had stopped
being mobile as of late.
Fortunately for Scootaloo, she
survived the fall. The guard was not so lucky.",SHDX_INTRO_3B,,,,,,,,,,,,,,,,,,,,,,,
"She finds a two way CB radio and a
hoof blaster on the dead guard, as well
as his utility belt. The CB radio might be
useful to call for help. Surely someone
out there could help her. However, she
can't get a signal from here. She'd need to
get somewhere tall and out in the open.",SHDX_INTRO_4,,,,,,,,,,,,,,,,,,,,,,,
"Arming herself with the blaster and
strapping the utility belt up, she sees a door
ahead. Not knowing at all what is behind that
door, she has no idea. Her goal is
simple - survive and rescue Orion, and
Aurora if she can. There's no telling what
she's going to find.",SHDX_INTRO_5A,,,,,,,,,,,,,,,,,,,,,,,
"Despite what the suits
say, she's been trained by the best -
Rainbow Dash - even if she can't fly
very well, she can kick ass. She took down
one guard, what's another couple more?

""I gotta get outta here!""",SHDX_INTRO_5B,,,,,,,,,,,,,,,,,,,,,,,
"After taking down Surprise, Scootaloo
looks at the door behind her with
determination. She can taste the
first bit of freedom from this place.

If only she was able to fly.",SHDX_EP1END_1,,,,,,,,,,,,,,,,,,,,,,,
"She climbs a radio tower. She knows
neighboring Boredomdai might be able
to help contact mainland Equestria.
She manages to get ahold of someone.
Not holding her breath, she climbs back
down.",SHDX_EP1END_2A,,,,,,,,,,,,,,,,,,,,,,,
"Soon, however, she hears radio
chatter from the Cloudsdale Weather
Corporation - Equestrian forces arrive.
Immediately Pegapol guards open fire
on them. Scootaloo can hear it now -
Equestrian forces are calling in backup.
It's going to be war. She'll be rescued
eventually, she just needs to survive
long enough.",SHDX_EP1END_2B,,,,,,,,,,,,,,,,,,,,,,,
"Soon, Dr. Atmosphere is informed
about his sister, Surprise, who died
at the hooves of Scootaloo. He is,
to put it mildly, pissed off and wants
nothing more than your blood. You
even hear him cursing you on one
of the CB radio channels.",SHDX_EP1END_3,,,,,,,,,,,,,,,,,,,,,,,
"Eventually you find a computer room.
One of the screens lights up. You are
shocked at who it is. It looks like
Rainbow Dash. No! It can't be! This has to
be some sort of trick by the Pegasi Reich,
surely.

""Well, hello Scootaloo. It appears you're
causing trouble for your big sister."" She
says with a malicious grin.",SHDX_EP1END_4A,,,,,,,,,,,,,,,,,,,,,,,
"Scootaloo was in shock. ""It can't
be... my big sister wouldn't work
for a place like this.""

The rainbow maned pony didn't
acknowledge. ""Surrender now,
Scootaloo.""",SHDX_EP1END_4B,,,,,,,,,,,,,,,,,,,,,,,
"""There's nowhere to go. You try to
leave, you get caught in some nasty
crossfire. You stay in here, you'll
certainly die.""",SHDX_EP1END_5,,,,,,,,,,,,,,,,,,,,,,,
"""...Oh, and speaking of dying, next
time I contact you, say goodbye
to one of your friends!""

Scootaloo saw Aurora and Orion in
the back. They were terrified and
confused. Aurora was crying.

""YOU LEAVE THEM ALONE!""",SHDX_EP1END_6A,,,,,,,,,,,,,,,,,,,,,,,
"The dictatorial pony laughed.
""Nonsense. What fun would that be.
You have sixty minutes to comply,
bitch."" The screen then turned off.

Scootaloo knew what she had to
do. She had to rescue them. Even
if it meant running into Dr.
Atmosphere. She was really
upset at the betrayal of Rainbow
Dash, but her friends depended
on her more than ever.",SHDX_EP1END_6B,,,,,,,,,,,,,,,,,,,,,,,
"Meanwhile in neighboring Tchpsor,
an off duty cop by the name
of Sanya K. Waffles is visiting
a local bar. Someone tells them
to turn on the news.

""Cloudsdale and Equestria
are at war!"" The random
patron said.",SHDX_EP1END_7A,,,,,,,,,,,,,,,,,,,,,,,
"Sanya couldn't believe it.
War so close to her home.
She wondered what would
happen if it spilled over into
Boredomdai...",SHDX_EP1END_7B,,,,,,,,,,,,,,,,,,,,,,,
"After killing Dr. Atmosphere, his
undead minions start to falter.
Scoots wonders how long these
experiments have been going on...",SHDX_EP2END_1,,,,,,,,,,,,,,,,,,,,,,,
"Scootaloo takes the elevator back down
a floor. She sees a television screen.
It's the head pony - the one that
looks like Rainbow Dash. She's
got Orion Solstice over the
gaping maw of a machine.",SHDX_EP2END_2,,,,,,,,,,,,,,,,,,,,,,,
"""Scootaloo, you killed my top
engineer... you ruined me,
now I'll ruin you!""",SHDX_EP2END_3,,,,,,,,,,,,,,,,,,,,,,,
"Orion looks at the screen.
""Don't worry Scoots, I love
you! Kick her flank!""

Scootaloo pounded on the TV
screen. ""LET HIM GO YOU
MONSTER!"" The authoritarian
pegasi didn't even acknowledge.
Scootaloo was forced to watch
it all, live.",SHDX_EP2END_4,,,,,,,,,,,,,,,,,,,,,,,
"The machine spits out bright
components - mainly red. Then,
she sees Aurora behind the
multicolored Pony. The
evil dictator takes out a
chaingun and fires it up in
the air, Aurora starts crying.",SHDX_EP2END_5,,,,,,,,,,,,,,,,,,,,,,,
"""You see Scoots, that's what
you get for fighting me. If you
don't surrender, it's going to
be Aurora next!""",SHDX_EP2END_6,,,,,,,,,,,,,,,,,,,,,,,
"Scootaloo, trying not to cry
at the loss of her friend,
raises the CB radio and uses
it.

""Go buck yourself. You're not
my big sister anymore.""",SHDX_EP2END_7,,,,,,,,,,,,,,,,,,,,,,,
"Scootaloo trashes the floor. There
was no guards around to see her,
nor to try to stop her. At this point,
Scootaloo has one goal in mind....

Rainbow... no, Maimbow... yeah,
Maimbow... she must die for her
crimes. And that machine must
be destroyed so that it will never,
ever cause any more death.",SHDX_EP2END_8,,,,,,,,,,,,,,,,,,,,,,,
"Meanwhile, a CB radio transmission
comes in asking for who called in the
report. Scootaloo answers, tells them
everything... the forces keep pushing
towards the front of the Cloudsdale
Weather Corporation... however, she
knows by the time they reach her
she'll be at Maimbow's headquarters.",SHDX_EP2END_9,,,,,,,,,,,,,,,,,,,,,,,
"Scootaloo wonders... could this really
be Rainbow Dash doing all this.

One way or another, she must stop
this reign of terror...",SHDX_EP2END_10,,,,,,,,,,,,,,,,,,,,,,,